
INSERT INTO game.trainee ("mitid", "nachname", "vorname", "nickname", "abteilung", "progress", "embleme") VALUES ('1', 'Binder', 'Jan', 'Syreax', 'Projektmanagement', 500, 'iVBORw0KGgoAAAANSUhEUgAAADIAAAA/CAYAAACioZtvAAAACXBIWXMAAA7DAAAOwwHHb6hkAAAPEklEQVR42t1aB3hUVRaeJBAICRggCcGCqKjYwIaIjaaUKD3BAguClUVFBcXVFREFZdXPVUQpggXXspYVBSkhJLRFFMGI1EzLTCaTmZQJgfRM/j3nvJKZZJLMkOB+u+/77vcm79537/nvOec/59wXA/6Aq7a2Vpr2O5T3+KqpqUFVVVWT7xuCmaiWJvJ6vf7PfO71f+uN3vFr9fubAdXYGqcOpJGJ5LevYAS4troaUEEHvBgQjamt8fq929LL0BJT0XYdLLxvP5tDeTmqnHkoM1tQSq3MkYvykydRVW+cgFK11RJghlAB6ALw4qQB2WRq5cePo3hjKtzPvQj7bWNgvfBKmOPPg+mMs2GKPRvmhPNh6X0NbEkT4FrwKsp27YHXdwNYm/W1fTqA+JmZD4AThw4jd9ZTMPfqA6MhBlmGtnTvAFNELEyRXWFuHw9zuzj5Lc+oT8a06Qxb3wHIn78IZTY7NLHFPE8BjCFkEGwKDMDlhmPmEzBGdyPBI0VIc3QizB3PpNZd+S2tm9oSYWJQ3MdjOtB7YZ0ElCm+J5zzF6KirExZh9cIUTuGoEGopsRaKFy3AeYevQlAG9rxBEUwFrRDAkxRCSKkb2MAJuq3kmmZWDvaGBW4KTKOAEXA0vd6lOzdr/qOYmq1raERf00oIFyL36RFoxUNqDsbSHg/IKQRU5tYOKbNgDmxF5lVl7o+7V2ai03TGB2P/DWfo9pHM8EQQPMaEbqsAXuF8+nnxRRk4ZjuzQLQBaWx7Dd5C1+D5YK+MIbHNjLuTNGYjH1nhazJjFg/hoUGRNsJ1SfyFr2hgCChgtGCPkZ2OgrWvjegYO16GCPJ4aO6BZxD/mYTpbsxLAb5n/7Tz8xC1oj2kkaPx3/YTCDai52HDiIGpi5noejgIeRMuk8hBl8/aQxMu65kZgko3p+pgFHpObTI7pNeVBUUwHwOOXabWH23mgUgIM4iodvBcm5veEwWMatjBgM5fgIsPS+HudOZCos1ao68CdGwXjcYlRUVkhF4m8gYAmtE3QG+XDNnkwBtFHZpThNaP5lfFr2TfctwHC8sEmplELahdyD3kTmwXnYtzRXf5HwaGJ7H9cbbdTEmWI3oORPdy48ZYWzfVSZlam3OnMwyjuNKezjufwQllLE6ZswSEK4l78G98iOYu5Kmwjs1BB8IDLe2xHBnXoQqT7FYitcn+WxWI5pvOB99ioSIUGg2CL9Q2KkdcohmT9L7jhlPCAj3yg9RuG2n4h8sWHR3dXOa3xhem2NM4TvLddkCacXQWELoLS2F9dzLaPfOaH5BrZEPMXUW/fobCrakkwAGMqPrUELGahtyh2gqKBP1i0GJwnrZN9wKr1hLEBoRABpTrd+kMFUz6m+okUgUZuyAi3bwWJgB9tuTcYLmy5l0P80XLnZvDgGIgGkXT7TdFWWHjui+0qxGNCCu2c/6xY1QgNhTpqBw9x4R3HpJP5QQ6xTbc2C9oj+xX6eQQAjomESRpXD5asVPAphXA40w5TLJ2QclKVmsGjua3DGf2GKKZsaKhGvZKjgeeEx8JPfpeaKV/M++FB+SlEWNF1qC2ZTPmGKUOR3T/6ynS00C0Xi66sQJSiX6wBQglQgIIEYVhv0pnNP3LtQXD9db78Lap7+AKUjLQOHWbQLErAVWyrnYb0yGjkIAjZqc6ns22lyvWmXWjyn+GlFpt5KqOXNcTxjbdm3antU+0RxFcOul/ZBNqYiley+JzOauPQnIABg7dJZ0wzZsDI1tq9Qm1J99zc0UV2Yju98gyQDMHRIbWY+BdIL18v6orqxU4lyTpqWirLRYYep0lqTXzWoksjPsY+9CwaYtyLl7OgnfQyIy7zy3LEMYLAkXCEgTFVOW8/pI4igmG3cubDfdBs/howrI8GhdWw3WIm1bevUVa1FcIFggZ1DgahZIgpiRa8kyFJMW3bTrrndXStxwk4+4VqyGa+kK5L32dzifeQG5c55Dzj3TYb34KiWyk0my2eV/8x3NsVzoujFy4TBgofK5msKCrxs0alrMCnxQYKIaW4JXEGmJmBbdxbSuH4LsAUNhu2UEmc4tsF50FZnahUpGS9phYU0RnVW7jyINXYaiAweR3Z/MK6JjEz4SA3v/IX7HSk1qhLsrCDUfFBjDzmg+QVRZhc3J/fGnlO6/TjvXRxJDKzcyBw6KtkEj4Zw7T1IXUxRlv+3jiI77Sbyx3aoGy8YcPprpNwqOpGRFG2pQbJy1uFOj32FjZceCpl8yMfu4e5D/5b9QRKm358hRsv0j8FD6XvTjTyigAOte9bFQqKlDHCyUUdsGjoS5Sw/RaFOFmrJRbZFLKY9WIzVtWlohRXfnX15oMiDqvM9AVfoV4JSa850PFtg0mY5ZCDYp9gfxgw4q/fIYqk2arDbVeMNxpOCDT/xkbDpFUcN/CXG+1OZRjRQ/WrlLTsg7yvRooSyVaw8XOXvOlAeRc9e9cNz7sDi6e81nyP96LaxX30QAY5VNiOnuX+M0ppFILrISUUpzB3L0wEmj6kw1FZWwXEx+Et7R37w0v2gfp5Swl1xLtDsN2VffTOMSYB+VQgJ/Kw7syTLCcywLRb8dQD6VuXkLXlXGUWmgUGqsaMVMDCkaDnQCI2bVnuh5rJh8Y5WiIeBRaJWSb7nnv0LmENYgjZdSNToe7n98AY/RhOybhqmxI9zPhIyUfmepTHXM57mJtMdzWi64gjT3ECznX6H4SbR/QNSKKy4lioja4ZPUBlUhiuropYo8F0ydz1EE990lpmVy0oINm1FszRZH5pjhfP5l5M6ai9yHH4fjvpni2I4HHpWqkE9g8l5ajLzFbyLvjSUSW3LnPEsEMRH25MkStaWcrucbxggyWUo8q7nc9Smsgq5HtFSZa21xeq2O0EyrnWJafE7FMYPPrPJIgyys80W6L1gspsTgnM/OR+7jc+FQAeaQ3zgefBTOvy6A672VyH3iGQrA/jW8lsNlUXZQREwYcqmrFe1e9WSxkhPIq26S4xmNXfycPVI5h2KWyiZHto+5S2oPx9SHBZxohmKH437lnjvzScmv+Ll9+DjlwI4TRw2ENr+cwLSj9Odu1PiU3yEfB/lq5QTFBT4BFKr0YRm/o0/+mw+pKZ8yqSeHZjJLc5dzxZmVI544yXSFnolOJSNQ6VendFUTJq7re/RGuTNPOdVRZTnlDz21qnMVfPG1SsfxDY6F/ABpDKcKJee+vmwUk1h3kF3vsE8H0bYzjB27oWT3T3V1unpMFfJJY/0TeL48q9Ygi0xMnF31GVMo1V4zqY6ZMm42UWNMAjwbUv1P5lty9usHRv0Yefyrb2m3EqWe10/hTxGQfsykBkYhlR4Xo2TnbmXdquqgP6IG/1nBRzOlvx+GfeBwOabRT+VDPRPWIjtrlvwmi/zFMWESKp2uOk0E+Crc4g89vl94tWeFS5dLUMsSx43Wz6H0jz0xPh98ROjuer9G38xYlisH4MTGVP9y4nR9Q6wPRvtdVVKCohUfwDY4Sb5eZUlVGKkKGaPU8VQOcClcx1ZRwmi2O5KlBK6k8lWf1+cTQiifskPSiORg3mpp1d4q1FRVgJN+XoKN7nhmJtyrP4Rz1mzkjE6B7cahMF9yNcyXXQPL9YOQPSYFjifnwrXmExQePIhSerNGyocaSlarlLvaatR7633oQej/seCf76in4q30HxSt8jG0vPok9hdswV73D/glP0BzrcMved9jr/M77HOvp7Eb8Ktns9IKN2I/j6F+adS/j/r3FWxEZtEWOEqP4qBnG36hv/cXbpL7seN7Ws/ZvbWcpHnhqcjDo7svxW2bDBiZasDt9VpSqvJ8xGa1f0vDpvVrbaT63h3Ul5IegVFp9DxVaSOpn9dacVQ5lNPM7JSBsC/wleFcgyEbDbgzvQ3Gbq1bUF+Y2jh6PjEjQu6B+seq/cnp4SS40hjgcBZ6szJuPI1JUceMSePxbVFc6VY14z11IDU1lbITWxwracEwjEsLw4O7zsbSw9PxzuFpWHJoCt4+9Cf87cB4TNuZIELdv6u72n8v9U+l/il47cAEPEDvsQaS0w0i5GgCseDXYfjcPA9fWxfKfPds6yTgBAiBuntbFArKbYpWvDUtAKJqJC13lewYC/Lqb6MDjmXze2zPVZi7t1/A/pNVHizKHCMmc1dGR+xxr20wJrf0GGbt6SPmNl4FUliR0woa8QHCu8279fKvI3QKTnd+hM2O5ajyVsi4Pe5v8ORPffT+9fa3sfLoTFTWKP/VYC7Zj8FkoqmkYc2RnaVZyDr+k+4D7PjJ6e1Fa3dnnAYgI1QnXpiZpPfP3z8UAzcYUFZdQtxfjUOeHXhmb3+9//UDKbh1E/efkL+PFO/E5O2dCFi5OHDOySOYtC1WNunn/O+FXPhalHk7htF7k7bFnH4gvINbc1djnf0t2n0lOm/MWYrH91yuM95vRWn4vShDxp6s9hDw4Xj65zrTW5v9GoZtVhz+rYOTdYE/zJqNoaS5yds7nn4g9Z3vaPFuYpkuukbYvOrmqcYa4zO4fp3yvmZG62xvis+w1pg0NIE/OPbEHwdEYbP3yXymiolN2BqOoSTQ8/tu0fs35bxHAH9UPleQn8zYfSGmbI8T/2HTcpVZiM16EGVH40BRujzji+dgLd2zLbp1gbDAdc4+Us+F2AduWK8ExQlblXjx3C831vX/nkIgh+jAfiDnZ62k5b6vnw8UV+YRIJO+5kFPBkanhUs8Om3OzvT7SuYovX/FkRkUhSMoUEYK9zPYefsG6f0fZc0h9mmjs1ZFTSntchcSMgrb8z5tsN7+ws2YuiORgCgBtvXoVw2Im2zLJCCOJ/OZtjMeL2WOkPbArrOEJiekK41/T9nRWe+fsfs8iQnsN/w3m+XUHbGSjrAWOeYsO/KQpCLz9g3EKBrLIJLTw3wCor1lAZFf1lKU748uwWCi2TspZeCdSlK1M9YnpZDUg36P9+1PU9ISBqPlY+PVVGViRht5PlxlrdvVnIuf833s1jBMTG8rptdijfAuMKD8Mjse2nW+njQmbVHayNTAeVX9/iTtWWrdMy1p1JLK+n3MZJzqMIAWJY11RY2yEyWV+dhNacW/XV/R/fS2XbRGZmGarN3iNN7/HyS9+G9dwZykBHWK4juRbxl6Olurl7r/K9f/DZD/AAh0d8un2cqhAAAAAElFTkSuQmCC');
INSERT INTO game.trainee ("mitid", "nachname", "vorname", "nickname", "abteilung", "progress", "embleme") VALUES ('2', 'Haneder', 'Eric', 'ericbensi', 'Softwaredevelopment', 600, NULL);
INSERT INTO game.trainee ("mitid", "nachname", "vorname", "nickname", "abteilung", "progress", "embleme") VALUES ('3', 'Saliger', 'Alex', 'SaAlexX_1010', 'Hausmeister', 400, NULL);
INSERT INTO game.trainee ("mitid", "nachname", "vorname", "nickname", "abteilung", "progress", "embleme") VALUES ('4', 'Wurst', 'Alexander', 'wursti', 'Front-End Development', 300, NULL);

INSERT INTO game.quiz ("qid", "titel", "beschreibung", "reward", "multiplechoice") VALUES ('1', 'Start', 'Quiz über das generelle Wissen über Java.', 'test', false);
INSERT INTO game.quiz ("qid", "titel", "beschreibung", "reward", "multiplechoice") VALUES ('2', 'Objekte, Klassen & Konstruktoren', 'Das ist ein Quiz über eine Grundlage in Java. Die Objekte & Klassen und deren Konstruktoren.', 'test', false);
INSERT INTO game.quiz ("qid", "titel", "beschreibung", "reward", "multiplechoice") VALUES ('3', 'Datentypen', 'Das ist ein Quiz über die verschiedenen Datentypen in Java. Dies verschafft dir einen guten Überblick über die Typen und hilft dir sie besser anwenden/verstehen zu können', 'test', true);


INSERT INTO game.frage ("fid", "qid", "frage", "punktezahl") VALUES ('1', '1', 'What are advantages of Java?', 10);
INSERT INTO game.frage ("fid", "qid", "frage", "punktezahl") VALUES ('2', '1', 'What is written after a line of code?', 10);
INSERT INTO game.frage ("fid", "qid", "frage", "punktezahl") VALUES ('3', '1', 'What does Object Oriented mean?', 10);
INSERT INTO game.frage ("fid", "qid", "frage", "punktezahl") VALUES ('4', '1', 'Which Java Version exist?', 10);
INSERT INTO game.frage ("fid", "qid", "frage", "punktezahl") VALUES ('5', '1', 'What is a feature of Java?', 10);
INSERT INTO game.frage ("fid", "qid", "frage", "punktezahl") VALUES ('6', '2', 'What concept of the following is Java supporting?', 10);
INSERT INTO game.frage ("fid", "qid", "frage", "punktezahl") VALUES ('7', '2', 'Which things do objects include?', 10);
INSERT INTO game.frage ("fid", "qid", "frage", "punktezahl") VALUES ('8', '2', 'What is not a variabletype which classes can contain?', 10);
INSERT INTO game.frage ("fid", "qid", "frage", "punktezahl") VALUES ('9', '2', 'What is the main rule of a constructor?', 10);
INSERT INTO game.frage ("fid", "qid", "frage", "punktezahl") VALUES ('10', '2', 'How do you create an Object?', 10);
INSERT INTO game.frage ("fid", "qid", "frage", "punktezahl") VALUES ('11', '2', 'How can you access instance variables and methods?', 10);
INSERT INTO game.frage ("fid", "qid", "frage", "punktezahl") VALUES ('12', '2', 'What does the import statement do?', 10);
INSERT INTO game.frage ("fid", "qid", "frage", "punktezahl") VALUES ('13', '2', 'What does a constructor do?', 10);
INSERT INTO game.frage ("fid", "qid", "frage", "punktezahl") VALUES ('14', '2', 'Which classes contain a contructor?', 10);
INSERT INTO game.frage ("fid", "qid", "frage", "punktezahl") VALUES ('15', '2', 'What is a correct contructor head(considering the name of the class is MyClass)?', 10);
INSERT INTO game.frage ("fid", "qid", "frage", "punktezahl") VALUES ('16', '3', 'How many primitive datatypes exist in Java?', 10);
INSERT INTO game.frage ("fid", "qid", "frage", "punktezahl") VALUES ('17', '3', 'What is/are a data type in Java?', 10);
INSERT INTO game.frage ("fid", "qid", "frage", "punktezahl") VALUES ('18', '3', 'What is true about reference datatypes?', 10);
INSERT INTO game.frage ("fid", "qid", "frage", "punktezahl") VALUES ('19', '3', 'What is true about the datatype "int"?', 10);
INSERT INTO game.frage ("fid", "qid", "frage", "punktezahl") VALUES ('20', '3', 'Which of these is/are no supported special escape sequence?', 10);


INSERT INTO game.antwortmoeglichkeiten ("antwid", "fid", "antwort", "richtigeantwort") VALUES ('1', '1', 'Flawless', false);
INSERT INTO game.antwortmoeglichkeiten ("antwid", "fid", "antwort", "richtigeantwort") VALUES ('2', '1', 'Platform Independent', true);
INSERT INTO game.antwortmoeglichkeiten ("antwid", "fid", "antwort", "richtigeantwort") VALUES ('3', '1', 'Only compatible with Windows', false);
INSERT INTO game.antwortmoeglichkeiten ("antwid", "fid", "antwort", "richtigeantwort") VALUES ('4', '1', 'only compatible with Linux', false);
INSERT INTO game.antwortmoeglichkeiten ("antwid", "fid", "antwort", "richtigeantwort") VALUES ('5', '2', '"."', false);
INSERT INTO game.antwortmoeglichkeiten ("antwid", "fid", "antwort", "richtigeantwort") VALUES ('6', '2', '"{ or } "', false);
INSERT INTO game.antwortmoeglichkeiten ("antwid", "fid", "antwort", "richtigeantwort") VALUES ('7', '2', '";"', true);
INSERT INTO game.antwortmoeglichkeiten ("antwid", "fid", "antwort", "richtigeantwort") VALUES ('8','2', '"/>"', false);
INSERT INTO game.antwortmoeglichkeiten ("antwid", "fid", "antwort", "richtigeantwort") VALUES ('9', '3', 'Object is a addon for Java', false);
INSERT INTO game.antwortmoeglichkeiten ("antwid", "fid", "antwort", "richtigeantwort") VALUES ('10', '3', 'You have to use the program Object to run Java.', false);
INSERT INTO game.antwortmoeglichkeiten ("antwid", "fid", "antwort", "richtigeantwort") VALUES ('11', '3', 'Java can be extended with Objects.', true);
INSERT INTO game.antwortmoeglichkeiten ("antwid", "fid", "antwort", "richtigeantwort") VALUES ('12', '3', 'Java has no Objects', false);
INSERT INTO game.antwortmoeglichkeiten ("antwid", "fid", "antwort", "richtigeantwort") VALUES ('13', '4', 'Java S', false);
INSERT INTO game.antwortmoeglichkeiten ("antwid", "fid", "antwort", "richtigeantwort") VALUES ('14', '4', 'Java E', false);
INSERT INTO game.antwortmoeglichkeiten ("antwid", "fid", "antwort", "richtigeantwort") VALUES ('15', '4', 'Java SS', false);
INSERT INTO game.antwortmoeglichkeiten ("antwid", "fid", "antwort", "richtigeantwort") VALUES ('16', '4', 'Java SE', true);
INSERT INTO game.antwortmoeglichkeiten ("antwid", "fid", "antwort", "richtigeantwort") VALUES ('17', '5', 'High graphical visualisation', false);
INSERT INTO game.antwortmoeglichkeiten ("antwid", "fid", "antwort", "richtigeantwort") VALUES ('18', '5', 'Dynamic', true);
INSERT INTO game.antwortmoeglichkeiten ("antwid", "fid", "antwort", "richtigeantwort") VALUES ('19', '5', 'Platform Dependant', false);
INSERT INTO game.antwortmoeglichkeiten ("antwid", "fid", "antwort", "richtigeantwort") VALUES ('20', '5', 'Insecure', false);
INSERT INTO game.antwortmoeglichkeiten ("antwid", "fid", "antwort", "richtigeantwort") VALUES ('21', '6', 'Multiple Inheritance', false);
INSERT INTO game.antwortmoeglichkeiten ("antwid", "fid", "antwort", "richtigeantwort") VALUES ('22', '6', 'Classes&Methods', true);
INSERT INTO game.antwortmoeglichkeiten ("antwid", "fid", "antwort", "richtigeantwort") VALUES ('23', '6', 'Functions', false);
INSERT INTO game.antwortmoeglichkeiten ("antwid", "fid", "antwort", "richtigeantwort") VALUES ('24', '6', 'None of the above', false);
INSERT INTO game.antwortmoeglichkeiten ("antwid", "fid", "antwort", "richtigeantwort") VALUES ('25', '7', 'Classes', false);
INSERT INTO game.antwortmoeglichkeiten ("antwid", "fid", "antwort", "richtigeantwort") VALUES ('26', '7', 'only state', false);
INSERT INTO game.antwortmoeglichkeiten ("antwid", "fid", "antwort", "richtigeantwort") VALUES ('27', '7', 'only behaviour', false);
INSERT INTO game.antwortmoeglichkeiten ("antwid", "fid", "antwort", "richtigeantwort") VALUES ('28', '7', 'state and behaviour', true);
INSERT INTO game.antwortmoeglichkeiten ("antwid", "fid", "antwort", "richtigeantwort") VALUES ('29', '8', 'Global', true);
INSERT INTO game.antwortmoeglichkeiten ("antwid", "fid", "antwort", "richtigeantwort") VALUES ('30', '8', 'Local', false);
INSERT INTO game.antwortmoeglichkeiten ("antwid", "fid", "antwort", "richtigeantwort") VALUES ('31', '8', 'Class', false);
INSERT INTO game.antwortmoeglichkeiten ("antwid", "fid", "antwort", "richtigeantwort") VALUES ('32', '8', 'Instance', false);
INSERT INTO game.antwortmoeglichkeiten ("antwid", "fid", "antwort", "richtigeantwort") VALUES ('33', '9', 'Different name as Class', false);
INSERT INTO game.antwortmoeglichkeiten ("antwid", "fid", "antwort", "richtigeantwort") VALUES ('34', '9', 'Same name as attribute', false);
INSERT INTO game.antwortmoeglichkeiten ("antwid", "fid", "antwort", "richtigeantwort") VALUES ('35', '9', 'Same name as Class', true);
INSERT INTO game.antwortmoeglichkeiten ("antwid", "fid", "antwort", "richtigeantwort") VALUES ('36', '9', 'Must contain attributes', false);
INSERT INTO game.antwortmoeglichkeiten ("antwid", "fid", "antwort", "richtigeantwort") VALUES ('37', '10', 'With the "create" Keyword', false);
INSERT INTO game.antwortmoeglichkeiten ("antwid", "fid", "antwort", "richtigeantwort") VALUES ('38', '10', 'It creates itself automatically', false);
INSERT INTO game.antwortmoeglichkeiten ("antwid", "fid", "antwort", "richtigeantwort") VALUES ('39', '10', 'With the "new" Keyword', true);
INSERT INTO game.antwortmoeglichkeiten ("antwid", "fid", "antwort", "richtigeantwort") VALUES ('40', '10', 'With the "make" Keyword', false);
INSERT INTO game.antwortmoeglichkeiten ("antwid", "fid", "antwort", "richtigeantwort") VALUES ('41', '11', 'Object.variable & Object.methode()', true);
INSERT INTO game.antwortmoeglichkeiten ("antwid", "fid", "antwort", "richtigeantwort") VALUES ('42', '11', 'Object.variable & Object.methode', false);
INSERT INTO game.antwortmoeglichkeiten ("antwid", "fid", "antwort", "richtigeantwort") VALUES ('43', '11', 'variable.Object & methode.Object()', false);
INSERT INTO game.antwortmoeglichkeiten ("antwid", "fid", "antwort", "richtigeantwort") VALUES ('44', '11', 'Object.variable() & Object.methode()', false);
INSERT INTO game.antwortmoeglichkeiten ("antwid", "fid", "antwort", "richtigeantwort") VALUES ('45', '12', 'import a method', false);
INSERT INTO game.antwortmoeglichkeiten ("antwid", "fid", "antwort", "richtigeantwort") VALUES ('46', '12', 'gives the location to a class', true);
INSERT INTO game.antwortmoeglichkeiten ("antwid", "fid", "antwort", "richtigeantwort") VALUES ('47', '12', 'creates a database connection', false);
INSERT INTO game.antwortmoeglichkeiten ("antwid", "fid", "antwort", "richtigeantwort") VALUES ('48', '12', 'imports a variable from another class', false);
INSERT INTO game.antwortmoeglichkeiten ("antwid", "fid", "antwort", "richtigeantwort") VALUES ('49', '13', 'Nothing', false);
INSERT INTO game.antwortmoeglichkeiten ("antwid", "fid", "antwort", "richtigeantwort") VALUES ('50', '13', 'It functions as a Getter/Setter', false);
INSERT INTO game.antwortmoeglichkeiten ("antwid", "fid", "antwort", "richtigeantwort") VALUES ('51', '13', 'It initializes an object when its created', true);
INSERT INTO game.antwortmoeglichkeiten ("antwid", "fid", "antwort", "richtigeantwort") VALUES ('52', '13', 'None of the above', false);
INSERT INTO game.antwortmoeglichkeiten ("antwid", "fid", "antwort", "richtigeantwort") VALUES ('53', '14', 'Only classes with defined contructors', false);
INSERT INTO game.antwortmoeglichkeiten ("antwid", "fid", "antwort", "richtigeantwort") VALUES ('54', '14', 'No class has a contructor', false);
INSERT INTO game.antwortmoeglichkeiten ("antwid", "fid", "antwort", "richtigeantwort") VALUES ('55', '14', 'Only classes with specific settings', false);
INSERT INTO game.antwortmoeglichkeiten ("antwid", "fid", "antwort", "richtigeantwort") VALUES ('56', '14', 'Every class ', true);
INSERT INTO game.antwortmoeglichkeiten ("antwid", "fid", "antwort", "richtigeantwort") VALUES ('57', '15', 'public static void MyClass()', false);
INSERT INTO game.antwortmoeglichkeiten ("antwid", "fid", "antwort", "richtigeantwort") VALUES ('58', '15', 'public constructor()', false);
INSERT INTO game.antwortmoeglichkeiten ("antwid", "fid", "antwort", "richtigeantwort") VALUES ('59', '15', 'public MyClass()', true);
INSERT INTO game.antwortmoeglichkeiten ("antwid", "fid", "antwort", "richtigeantwort") VALUES ('60', '15', 'public String MyClass()', false);
INSERT INTO game.antwortmoeglichkeiten ("antwid", "fid", "antwort", "richtigeantwort") VALUES ('61', '16', '6', false);
INSERT INTO game.antwortmoeglichkeiten ("antwid", "fid", "antwort", "richtigeantwort") VALUES ('62', '16', '7', false);
INSERT INTO game.antwortmoeglichkeiten ("antwid", "fid", "antwort", "richtigeantwort") VALUES ('63', '16', '8', true);
INSERT INTO game.antwortmoeglichkeiten ("antwid", "fid", "antwort", "richtigeantwort") VALUES ('64', '16', '9', false);
INSERT INTO game.antwortmoeglichkeiten ("antwid", "fid", "antwort", "richtigeantwort") VALUES ('65', '17', 'int', true);
INSERT INTO game.antwortmoeglichkeiten ("antwid", "fid", "antwort", "richtigeantwort") VALUES ('66', '17', 'double', true);
INSERT INTO game.antwortmoeglichkeiten ("antwid", "fid", "antwort", "richtigeantwort") VALUES ('67', '17', 'String', true);
INSERT INTO game.antwortmoeglichkeiten ("antwid", "fid", "antwort", "richtigeantwort") VALUES ('68', '17', 'text', false);
INSERT INTO game.antwortmoeglichkeiten ("antwid", "fid", "antwort", "richtigeantwort") VALUES ('69', '18', 'Class objects and various type of array variables are reference datatype', true);
INSERT INTO game.antwortmoeglichkeiten ("antwid", "fid", "antwort", "richtigeantwort") VALUES ('70', '18', 'The default value is null', true);
INSERT INTO game.antwortmoeglichkeiten ("antwid", "fid", "antwort", "richtigeantwort") VALUES ('71', '18', 'They cannot be used to refer any object or any compatible type', false);
INSERT INTO game.antwortmoeglichkeiten ("antwid", "fid", "antwort", "richtigeantwort") VALUES ('72', '18', 'None of the above', false);
INSERT INTO game.antwortmoeglichkeiten ("antwid", "fid", "antwort", "richtigeantwort") VALUES ('73', '19', 'It is generally used for integral values', true);
INSERT INTO game.antwortmoeglichkeiten ("antwid", "fid", "antwort", "richtigeantwort") VALUES ('74', '19', 'the default value is 0', true);
INSERT INTO game.antwortmoeglichkeiten ("antwid", "fid", "antwort", "richtigeantwort") VALUES ('75', '19', 'It is used for decimal numbers', false);
INSERT INTO game.antwortmoeglichkeiten ("antwid", "fid", "antwort", "richtigeantwort") VALUES ('76', '19', 'None of the above', false);
INSERT INTO game.antwortmoeglichkeiten ("antwid", "fid", "antwort", "richtigeantwort") VALUES ('77', '20', '\n', true);
INSERT INTO game.antwortmoeglichkeiten ("antwid", "fid", "antwort", "richtigeantwort") VALUES ('78', '20', '\m', false);
INSERT INTO game.antwortmoeglichkeiten ("antwid", "fid", "antwort", "richtigeantwort") VALUES ('79', '20', '\a', false);
INSERT INTO game.antwortmoeglichkeiten ("antwid", "fid", "antwort", "richtigeantwort") VALUES ('80', '20', '\b', true);

INSERT INTO game.quizbeantwortung ("qbeid", "qid", "mitid", "erreichtepunktezahl", "istbestanden") VALUES ('1', '1', '1', 0, false);
INSERT INTO game.quizbeantwortung ("qbeid", "qid", "mitid", "erreichtepunktezahl", "istbestanden") VALUES ('2', '2', '1', 0, false);
INSERT INTO game.quizbeantwortung ("qbeid", "qid", "mitid", "erreichtepunktezahl", "istbestanden") VALUES ('3', '3', '1', 0, false);


INSERT INTO game.kurs ("kursid", "titel", "link", "beschreibung") VALUES ('1', 'Start-Kurs', 'https://www.tutorialspoint.com/java/index.htm', 'Dieser Kurs ist der erste Kurs der abgelegt werden muss. Er erklärt dir die Basics von Java.');
INSERT INTO game.kurs ("kursid", "titel", "link", "beschreibung") VALUES ('2', 'Objekte & Klassen', 'https://www.tutorialspoint.com/java/java_object_classes.htm', 'In diesem Kurs geht es um Objekte und Klassen die in Java sehr wichig sind. Der Kurs erklärt dir die Grundlagen, die du über dieses Thema wisse musst.');
INSERT INTO game.kurs ("kursid", "titel", "link", "beschreibung") VALUES ('3', 'Konstruktor', 'https://www.tutorialspoint.com/java/java_constructors.htm', 'Das ist ein Kurs über die Konstruktoren in Java. Konstruktoren sind wichtig um ordentlich mit Objekten und Klassen arbeiten zu können.');
INSERT INTO game.kurs ("kursid", "titel", "link", "beschreibung") VALUES ('4', 'Datentypen', 'https://www.tutorialspoint.com/java/java_constructors.htm', 'Das ist ein Kurs über die Datentypen in Java.');

INSERT INTO game.kursbesuch ("kursbesuchid", "mitid", "kursid", "istbesucht") VALUES ('1', '1', '1', false);
INSERT INTO game.kursbesuch ("kursbesuchid", "mitid", "kursid", "istbesucht") VALUES ('2', '1', '2', false);
INSERT INTO game.kursbesuch ("kursbesuchid", "mitid", "kursid", "istbesucht") VALUES ('3', '1', '3', false);
INSERT INTO game.kursbesuch ("kursbesuchid", "mitid", "kursid", "istbesucht") VALUES ('4', '1', '4', false);

INSERT INTO game.voraussetzung("voraussetzid", "kursid", "qid") VALUES ('1', null, '1');
INSERT INTO game.voraussetzung("voraussetzid", "kursid", "qid") VALUES ('2', null, '2');
INSERT INTO game.voraussetzung("voraussetzid", "kursid", "qid") VALUES ('3', '1', null);
INSERT INTO game.voraussetzung("voraussetzid", "kursid", "qid") VALUES ('4', '2', null);
INSERT INTO game.voraussetzung("voraussetzid", "kursid", "qid") VALUES ('5', '3', null);


INSERT INTO game.quizvoraussetzung("quizvoraussetzid", "voraussetzid", "qid") VALUES ('1', '1', '2');
INSERT INTO game.quizvoraussetzung("quizvoraussetzid", "voraussetzid", "qid") VALUES ('2', '2', '3');

INSERT INTO game.kursvoraussetzung("kursvoraussetzid", "voraussetzid", "kursid") VALUES ('1', '3', '2');
INSERT INTO game.kursvoraussetzung("kursvoraussetzid", "voraussetzid", "kursid") VALUES ('2', '4', '3');
INSERT INTO game.kursvoraussetzung("kursvoraussetzid", "voraussetzid", "kursid") VALUES ('3', '5', '4');
